C12H26_molecule_id,timestep,frame_id,time_ps,fragment_formulas,number_of_fragments,number_of_surviving_reference_bonds,output_png,output_html,status,error_message
1,1350000,675,67.5,C7H15 + C5H11,2,36,/Users/amberjia/Desktop/gpu_long4_with_min_M10_v2/shock_results_M10/C12H26_molecule_fragments/f1/fragment_change_visualizations_actual_coordinates/fragment_change_timestep_1350000_frame_675.png,/Users/amberjia/Desktop/gpu_long4_with_min_M10_v2/shock_results_M10/C12H26_molecule_fragments/f1/fragment_change_visualizations_actual_coordinates/fragment_change_timestep_1350000_frame_675_interactive.html,success,
1,1380000,690,69.0,C5H11 + C5H11 + C2H4,3,35,/Users/amberjia/Desktop/gpu_long4_with_min_M10_v2/shock_results_M10/C12H26_molecule_fragments/f1/fragment_change_visualizations_actual_coordinates/fragment_change_timestep_1380000_frame_690.png,/Users/amberjia/Desktop/gpu_long4_with_min_M10_v2/shock_results_M10/C12H26_molecule_fragments/f1/fragment_change_visualizations_actual_coordinates/fragment_change_timestep_1380000_frame_690_interactive.html,success,
1,1384000,692,69.2,C5H11 + C3H7 + C2H4 + C2H4,4,34,/Users/amberjia/Desktop/gpu_long4_with_min_M10_v2/shock_results_M10/C12H26_molecule_fragments/f1/fragment_change_visualizations_actual_coordinates/fragment_change_timestep_1384000_frame_692.png,/Users/amberjia/Desktop/gpu_long4_with_min_M10_v2/shock_results_M10/C12H26_molecule_fragments/f1/fragment_change_visualizations_actual_coordinates/fragment_change_timestep_1384000_frame_692_interactive.html,success,
1,1400000,700,70.0,C5H11 + C2H4 + C2H4 + C2H4 + CH3,5,33,/Users/amberjia/Desktop/gpu_long4_with_min_M10_v2/shock_results_M10/C12H26_molecule_fragments/f1/fragment_change_visualizations_actual_coordinates/fragment_change_timestep_1400000_frame_700.png,/Users/amberjia/Desktop/gpu_long4_with_min_M10_v2/shock_results_M10/C12H26_molecule_fragments/f1/fragment_change_visualizations_actual_coordinates/fragment_change_timestep_1400000_frame_700_interactive.html,success,
1,1516000,758,75.8,C3H7 + C2H4 + C2H4 + C2H4 + C2H4 + CH3,6,32,/Users/amberjia/Desktop/gpu_long4_with_min_M10_v2/shock_results_M10/C12H26_molecule_fragments/f1/fragment_change_visualizations_actual_coordinates/fragment_change_timestep_1516000_frame_758.png,/Users/amberjia/Desktop/gpu_long4_with_min_M10_v2/shock_results_M10/C12H26_molecule_fragments/f1/fragment_change_visualizations_actual_coordinates/fragment_change_timestep_1516000_frame_758_interactive.html,success,
1,1718000,859,85.9,C2H4 + C2H4 + C2H4 + C2H4 + C2H4 + CH3 + CH3,7,31,/Users/amberjia/Desktop/gpu_long4_with_min_M10_v2/shock_results_M10/C12H26_molecule_fragments/f1/fragment_change_visualizations_actual_coordinates/fragment_change_timestep_1718000_frame_859.png,/Users/amberjia/Desktop/gpu_long4_with_min_M10_v2/shock_results_M10/C12H26_molecule_fragments/f1/fragment_change_visualizations_actual_coordinates/fragment_change_timestep_1718000_frame_859_interactive.html,success,
1,2174000,1087,108.7,C2H4 + C2H4 + C2H4 + C2H4 + C2H3 + CH3 + CH3 + H,8,30,/Users/amberjia/Desktop/gpu_long4_with_min_M10_v2/shock_results_M10/C12H26_molecule_fragments/f1/fragment_change_visualizations_actual_coordinates/fragment_change_timestep_2174000_frame_1087.png,/Users/amberjia/Desktop/gpu_long4_with_min_M10_v2/shock_results_M10/C12H26_molecule_fragments/f1/fragment_change_visualizations_actual_coordinates/fragment_change_timestep_2174000_frame_1087_interactive.html,success,
1,2202000,1101,110.1,C2H4 + C2H4 + C2H4 + C2H3 + C2H3 + CH3 + CH3 + H + H,9,29,/Users/amberjia/Desktop/gpu_long4_with_min_M10_v2/shock_results_M10/C12H26_molecule_fragments/f1/fragment_change_visualizations_actual_coordinates/fragment_change_timestep_2202000_frame_1101.png,/Users/amberjia/Desktop/gpu_long4_with_min_M10_v2/shock_results_M10/C12H26_molecule_fragments/f1/fragment_change_visualizations_actual_coordinates/fragment_change_timestep_2202000_frame_1101_interactive.html,success,
1,2212000,1106,110.6,C2H4 + C2H4 + C2H4 + C2H3 + CH3 + C2H2 + CH3 + H + H + H,10,28,/Users/amberjia/Desktop/gpu_long4_with_min_M10_v2/shock_results_M10/C12H26_molecule_fragments/f1/fragment_change_visualizations_actual_coordinates/fragment_change_timestep_2212000_frame_1106.png,/Users/amberjia/Desktop/gpu_long4_with_min_M10_v2/shock_results_M10/C12H26_molecule_fragments/f1/fragment_change_visualizations_actual_coordinates/fragment_change_timestep_2212000_frame_1106_interactive.html,success,
1,2216000,1108,110.8,C2H4 + C2H4 + C2H3 + C2H3 + CH3 + C2H2 + CH3 + H + H + H + H,11,27,/Users/amberjia/Desktop/gpu_long4_with_min_M10_v2/shock_results_M10/C12H26_molecule_fragments/f1/fragment_change_visualizations_actual_coordinates/fragment_change_timestep_2216000_frame_1108.png,/Users/amberjia/Desktop/gpu_long4_with_min_M10_v2/shock_results_M10/C12H26_molecule_fragments/f1/fragment_change_visualizations_actual_coordinates/fragment_change_timestep_2216000_frame_1108_interactive.html,success,
1,2218000,1109,110.9,C2H4 + C2H4 + C2H3 + CH3 + C2H2 + C2H2 + CH3 + H + H + H + H + H,12,26,/Users/amberjia/Desktop/gpu_long4_with_min_M10_v2/shock_results_M10/C12H26_molecule_fragments/f1/fragment_change_visualizations_actual_coordinates/fragment_change_timestep_2218000_frame_1109.png,/Users/amberjia/Desktop/gpu_long4_with_min_M10_v2/shock_results_M10/C12H26_molecule_fragments/f1/fragment_change_visualizations_actual_coordinates/fragment_change_timestep_2218000_frame_1109_interactive.html,success,
1,2222000,1111,111.1,C2H4 + C2H4 + C2H3 + CH3 + C2H2 + C2H2 + CH2 + H + H + H + H + H + H,13,25,/Users/amberjia/Desktop/gpu_long4_with_min_M10_v2/shock_results_M10/C12H26_molecule_fragments/f1/fragment_change_visualizations_actual_coordinates/fragment_change_timestep_2222000_frame_1111.png,/Users/amberjia/Desktop/gpu_long4_with_min_M10_v2/shock_results_M10/C12H26_molecule_fragments/f1/fragment_change_visualizations_actual_coordinates/fragment_change_timestep_2222000_frame_1111_interactive.html,success,
1,2228000,1114,111.4,C2H4 + C2H4 + C2H3 + CH3 + C2H2 + CH2 + C2 + H + H + H + H + H + H + H + H,15,23,/Users/amberjia/Desktop/gpu_long4_with_min_M10_v2/shock_results_M10/C12H26_molecule_fragments/f1/fragment_change_visualizations_actual_coordinates/fragment_change_timestep_2228000_frame_1114.png,/Users/amberjia/Desktop/gpu_long4_with_min_M10_v2/shock_results_M10/C12H26_molecule_fragments/f1/fragment_change_visualizations_actual_coordinates/fragment_change_timestep_2228000_frame_1114_interactive.html,success,
1,2236000,1118,111.8,C2H4 + C2H3 + CH3 + C2H2 + C2H2 + CH2 + C2 + H + H + H + H + H + H + H + H + H + H,17,21,/Users/amberjia/Desktop/gpu_long4_with_min_M10_v2/shock_results_M10/C12H26_molecule_fragments/f1/fragment_change_visualizations_actual_coordinates/fragment_change_timestep_2236000_frame_1118.png,/Users/amberjia/Desktop/gpu_long4_with_min_M10_v2/shock_results_M10/C12H26_molecule_fragments/f1/fragment_change_visualizations_actual_coordinates/fragment_change_timestep_2236000_frame_1118_interactive.html,success,
1,2244000,1122,112.2,C2H4 + CH3 + C2H2 + C2H2 + CH2 + CH + C2 + C + H + H + H + H + H + H + H + H + H + H + H + H,20,18,/Users/amberjia/Desktop/gpu_long4_with_min_M10_v2/shock_results_M10/C12H26_molecule_fragments/f1/fragment_change_visualizations_actual_coordinates/fragment_change_timestep_2244000_frame_1122.png,/Users/amberjia/Desktop/gpu_long4_with_min_M10_v2/shock_results_M10/C12H26_molecule_fragments/f1/fragment_change_visualizations_actual_coordinates/fragment_change_timestep_2244000_frame_1122_interactive.html,success,
1,2248000,1124,112.4,CH3 + C2H2 + C2H2 + C2H + CH2 + CH + C2 + C + H + H + H + H + H + H + H + H + H + H + H + H + H + H + H,23,15,/Users/amberjia/Desktop/gpu_long4_with_min_M10_v2/shock_results_M10/C12H26_molecule_fragments/f1/fragment_change_visualizations_actual_coordinates/fragment_change_timestep_2248000_frame_1124.png,/Users/amberjia/Desktop/gpu_long4_with_min_M10_v2/shock_results_M10/C12H26_molecule_fragments/f1/fragment_change_visualizations_actual_coordinates/fragment_change_timestep_2248000_frame_1124_interactive.html,success,
1,2250000,1125,112.5,CH3 + C2H2 + C2H + C2H + CH2 + CH + C2 + C + H + H + H + H + H + H + H + H + H + H + H + H + H + H + H + H,24,14,/Users/amberjia/Desktop/gpu_long4_with_min_M10_v2/shock_results_M10/C12H26_molecule_fragments/f1/fragment_change_visualizations_actual_coordinates/fragment_change_timestep_2250000_frame_1125.png,/Users/amberjia/Desktop/gpu_long4_with_min_M10_v2/shock_results_M10/C12H26_molecule_fragments/f1/fragment_change_visualizations_actual_coordinates/fragment_change_timestep_2250000_frame_1125_interactive.html,success,
