qm_row_1based,original_atom_id,element,component_id,is_core,x_A,y_A,z_A,source_wrapped_x_A,source_wrapped_y_A,source_wrapped_z_A,source_component_x_A,source_component_y_A,source_component_z_A,additional_component_shift_boxes
1,259,N,130,False,1342.18,24.9247,84.0813,1342.18,24.9247,84.0813,1342.18,24.9247,84.0813,"[0,0,0]"
2,260,N,130,False,1342.18,26.0021,84.3801,1342.18,26.0021,84.3801,1342.18,26.0021,84.3801,"[0,0,0]"
3,383,N,192,False,1342.18,22.0142,87.0498,1342.18,22.0142,87.0498,1342.18,22.0142,87.0498,"[0,0,0]"
4,384,N,192,False,1342.18,23.0449,86.6774,1342.18,23.0449,86.6774,1342.18,23.0449,86.6774,"[0,0,0]"
5,1233,N,617,False,1342.18,30.8991,83.587,1342.18,30.8991,83.587,1342.18,30.8991,83.587,"[0,0,0]"
6,1234,N,617,False,1342.18,30.5718,82.5085,1342.18,30.5718,82.5085,1342.18,30.5718,82.5085,"[0,0,0]"
7,2227,N,1114,False,1342.18,26.2469,80.4479,1342.18,26.2469,80.4479,1342.18,26.2469,80.4479,"[0,0,0]"
8,2228,N,1114,False,1342.18,26.9012,79.5509,1342.18,26.9012,79.5509,1342.18,26.9012,79.5509,"[0,0,0]"
9,3521,N,1761,False,1342.18,29.7567,79.2743,1342.18,29.7567,79.2743,1342.18,29.7567,79.2743,"[0,0,0]"
10,3522,N,1761,False,1342.18,30.8162,79.1131,1342.18,30.8162,79.1131,1342.18,30.8162,79.1131,"[0,0,0]"
11,4909,N,2455,False,1342.18,21.4002,83.2203,1342.18,21.4002,83.2203,1342.18,21.4002,83.2203,"[0,0,0]"
12,4910,N,2455,False,1342.18,22.1249,82.3991,1342.18,22.1249,82.3991,1342.18,22.1249,82.3991,"[0,0,0]"
13,5841,N,2921,False,1351.74,22.1724,83.316,1351.74,22.1724,83.316,1351.74,22.1724,83.316,"[0,0,0]"
14,5842,N,2921,False,1352.67,22.087,83.9589,1352.67,22.087,83.9589,1352.67,22.087,83.9589,"[0,0,0]"
15,6849,N,3425,False,1353.85,28.5318,85.6712,1353.85,28.5318,85.6712,1353.85,28.5318,85.6712,"[0,0,0]"
16,6850,N,3425,False,1352.95,29.0541,86.093,1352.95,29.0541,86.093,1352.95,29.0541,86.093,"[0,0,0]"
17,17791,C,8806,True,1346.61,30.7853,81.4699,1346.61,30.7853,81.4699,1346.61,30.7853,81.4699,"[0,0,0]"
18,17792,C,8806,True,1347.76,30.0726,82.2144,1347.76,30.0726,82.2144,1347.76,30.0726,82.2144,"[0,0,0]"
19,17793,H,8806,True,1346.17,29.8599,80.9485,1346.17,29.8599,80.9485,1346.17,29.8599,80.9485,"[0,0,0]"
20,17794,H,8806,True,1345.7,30.9594,82.0938,1345.7,30.9594,82.0938,1345.7,30.9594,82.0938,"[0,0,0]"
21,17795,H,8806,True,1346.83,31.7868,81.0984,1346.83,31.7868,81.0984,1346.83,31.7868,81.0984,"[0,0,0]"
22,17796,C,8806,True,1348.14,30.3336,83.5855,1348.14,30.3336,83.5855,1348.14,30.3336,83.5855,"[0,0,0]"
23,17797,H,8806,True,1347.63,29.0394,82.007,1347.63,29.0394,82.007,1347.63,29.0394,82.007,"[0,0,0]"
24,17798,H,8806,True,1348.68,30.0003,81.4652,1348.68,30.0003,81.4652,1348.68,30.0003,81.4652,"[0,0,0]"
25,17799,C,8806,True,1349.83,30.2103,83.646,1349.83,30.2103,83.646,1349.83,30.2103,83.646,"[0,0,0]"
26,17800,H,8806,True,1348.08,31.2031,84.1472,1348.08,31.2031,84.1472,1348.08,31.2031,84.1472,"[0,0,0]"
27,17801,H,8806,True,1347.78,29.5564,83.9888,1347.78,29.5564,83.9888,1347.78,29.5564,83.9888,"[0,0,0]"
28,17802,C,8806,True,1350.4,28.9996,84.3814,1350.4,28.9996,84.3814,1350.4,28.9996,84.3814,"[0,0,0]"
29,17803,H,8806,True,1350.25,30.3996,82.5097,1350.25,30.3996,82.5097,1350.25,30.3996,82.5097,"[0,0,0]"
30,17804,H,8806,True,1350.52,31.0911,83.9464,1350.52,31.0911,83.9464,1350.52,31.0911,83.9464,"[0,0,0]"
31,17805,C,8807,True,1351.32,27.4014,80.6283,1351.32,27.4014,80.6283,1351.32,27.4014,80.6283,"[0,0,0]"
32,17806,H,8806,True,1350.24,28.0414,84.1002,1350.24,28.0414,84.1002,1350.24,28.0414,84.1002,"[0,0,0]"
33,17807,H,8806,True,1350.84,29.2422,85.3891,1350.84,29.2422,85.3891,1350.84,29.2422,85.3891,"[0,0,0]"
34,17808,C,8807,True,1351.88,26.1798,81.2628,1351.88,26.1798,81.2628,1351.88,26.1798,81.2628,"[0,0,0]"
35,17809,H,8807,True,1351.73,28.3851,80.8275,1351.73,28.3851,80.8275,1351.73,28.3851,80.8275,"[0,0,0]"
36,17810,H,8807,True,1350.25,27.6031,80.2984,1350.25,27.6031,80.2984,1350.25,27.6031,80.2984,"[0,0,0]"
37,17811,C,8807,True,1350.74,25.2081,82.1368,1350.74,25.2081,82.1368,1350.74,25.2081,82.1368,"[0,0,0]"
38,17812,H,8807,True,1352.67,25.8285,80.4139,1352.67,25.8285,80.4139,1352.67,25.8285,80.4139,"[0,0,0]"
39,17813,H,8807,True,1352.72,26.4752,81.9617,1352.72,26.4752,81.9617,1352.72,26.4752,81.9617,"[0,0,0]"
40,17814,C,8807,True,1349.73,24.3613,81.4444,1349.73,24.3613,81.4444,1349.73,24.3613,81.4444,"[0,0,0]"
41,17815,H,8807,True,1351.35,25.111,82.9712,1351.35,25.111,82.9712,1351.35,25.111,82.9712,"[0,0,0]"
42,17816,H,8807,True,1350.21,26.1055,82.3713,1350.21,26.1055,82.3713,1350.21,26.1055,82.3713,"[0,0,0]"
43,17817,C,8807,True,1348.91,23.7176,82.9116,1348.91,23.7176,82.9116,1348.91,23.7176,82.9116,"[0,0,0]"
44,17818,H,8807,True,1349.29,25.1458,80.8848,1349.29,25.1458,80.8848,1349.29,25.1458,80.8848,"[0,0,0]"
45,17819,H,8807,True,1350.48,23.9121,80.7157,1350.48,23.9121,80.7157,1350.48,23.9121,80.7157,"[0,0,0]"
46,17820,C,8807,True,1347.68,23.1614,83.4631,1347.68,23.1614,83.4631,1347.68,23.1614,83.4631,"[0,0,0]"
47,17821,H,8807,True,1349.41,22.8388,83.2428,1349.41,22.8388,83.2428,1349.41,22.8388,83.2428,"[0,0,0]"
48,17822,H,8807,True,1349.37,24.5303,83.5324,1349.37,24.5303,83.5324,1349.37,24.5303,83.5324,"[0,0,0]"
49,17823,C,8807,True,1346.47,23.0354,82.5535,1346.47,23.0354,82.5535,1346.47,23.0354,82.5535,"[0,0,0]"
50,17824,H,8807,True,1347.94,22.067,83.6388,1347.94,22.067,83.6388,1347.94,22.067,83.6388,"[0,0,0]"
51,17825,H,8807,True,1347.5,24.0976,84.2181,1347.5,24.0976,84.2181,1347.5,24.0976,84.2181,"[0,0,0]"
52,17826,H,8807,True,1346.66,22.1122,82.1398,1346.66,22.1122,82.1398,1346.66,22.1122,82.1398,"[0,0,0]"
53,17827,H,8807,True,1345.48,23.2039,83.2869,1345.48,23.2039,83.2869,1345.48,23.2039,83.2869,"[0,0,0]"
54,17828,H,8807,True,1346.14,23.574,81.6024,1346.14,23.574,81.6024,1346.14,23.574,81.6024,"[0,0,0]"
