component_id,atom_id_1,atom_id_2,qm_row_1,qm_row_2,element_1,element_2,bond_order,distance_angstrom,distance_in_cluster_A,status,connectivity_source,formation_event_ids
617,1233,1234,1,2,N,N,,1.1270703349835858,1.1270703349835858,reference_present,saved_reference_pair_within_saved_fragment,
1761,3521,3522,3,4,N,N,,1.0716929084397253,1.0716929084397253,reference_present,saved_reference_pair_within_saved_fragment,
3425,6849,6850,5,6,N,N,,1.1228145572621313,1.1228145572621313,reference_present,saved_reference_pair_within_saved_fragment,
8806,17791,17792,7,8,C,C,,1.5442543637627222,1.5442543637627222,reference_present,saved_reference_pair_within_saved_fragment,
8806,17791,17793,7,9,C,H,,1.1497056666816283,1.1497056666816283,reference_present,saved_reference_pair_within_saved_fragment,
8806,17791,17794,7,10,C,H,,1.1169879229426531,1.1169879229426531,reference_present,saved_reference_pair_within_saved_fragment,
8806,17791,17795,7,11,C,H,,1.0906028149606117,1.0906028149606117,reference_present,saved_reference_pair_within_saved_fragment,
8806,17792,17796,8,12,C,C,,1.4465255649313904,1.4465255649313904,reference_present,saved_reference_pair_within_saved_fragment,
8806,17792,17797,8,13,C,H,,1.0617989451868786,1.0617989451868786,reference_present,saved_reference_pair_within_saved_fragment,
8806,17792,17798,8,14,C,H,,1.1886664502711166,1.1886664502711166,reference_present,saved_reference_pair_within_saved_fragment,
8806,17796,17799,12,15,C,C,,1.6955716263252982,1.6955716263252982,reference_present,saved_reference_pair_within_saved_fragment,
8806,17796,17800,12,16,C,H,,1.0368882003379247,1.0368882003379247,reference_present,saved_reference_pair_within_saved_fragment,
8806,17796,17801,12,17,C,H,,0.9467263226508988,0.9467263226508988,reference_present,saved_reference_pair_within_saved_fragment,
8806,17799,17802,15,18,C,C,,1.5269275195634475,1.5269275195634475,reference_present,saved_reference_pair_within_saved_fragment,
8806,17799,17803,15,19,C,H,,1.226137096739216,1.226137096739216,reference_present,saved_reference_pair_within_saved_fragment,
8806,17799,17804,15,20,C,H,,1.158511458726272,1.158511458726272,reference_present,saved_reference_pair_within_saved_fragment,
8806,17802,17806,18,22,C,H,,1.011345974432107,1.011345974432107,reference_present,saved_reference_pair_within_saved_fragment,
8806,17802,17807,18,23,C,H,,1.1260168959655301,1.1260168959655301,reference_present,saved_reference_pair_within_saved_fragment,
8807,17805,17808,21,24,C,C,,1.4861012112235807,1.4861012112235807,reference_present,saved_reference_pair_within_saved_fragment,
8807,17805,17809,21,25,C,H,,1.0841800265638883,1.0841800265638883,reference_present,saved_reference_pair_within_saved_fragment,
8807,17805,17810,21,26,C,H,,1.1377244393964039,1.1377244393964039,reference_present,saved_reference_pair_within_saved_fragment,
8807,17808,17811,24,27,C,C,,1.7342655188869487,1.7342655188869487,reference_present,saved_reference_pair_within_saved_fragment,
8807,17808,17812,24,28,C,H,,1.2116694681306222,1.2116694681306222,reference_present,saved_reference_pair_within_saved_fragment,
8807,17808,17813,24,29,C,H,,1.131955109533879,1.131955109533879,reference_present,saved_reference_pair_within_saved_fragment,
8807,17811,17814,27,30,C,C,,1.488821010061308,1.488821010061308,reference_present,saved_reference_pair_within_saved_fragment,
8807,17811,17815,27,31,C,H,,1.0381482408596,1.0381482408596,reference_present,saved_reference_pair_within_saved_fragment,
8807,17811,17816,27,32,C,H,,1.0682775903293917,1.0682775903293917,reference_present,saved_reference_pair_within_saved_fragment,
8807,17814,17817,30,33,C,C,,1.7998404179259644,1.7998404179259644,reference_present,saved_reference_pair_within_saved_fragment,
8807,17814,17818,30,34,C,H,,1.059335834379284,1.059335834379284,reference_present,saved_reference_pair_within_saved_fragment,
8807,17814,17819,30,35,C,H,,1.13810558824742,1.13810558824742,reference_present,saved_reference_pair_within_saved_fragment,
8807,17817,17820,33,36,C,C,,1.4582217561125723,1.4582217561125723,reference_present,saved_reference_pair_within_saved_fragment,
8807,17817,17821,33,37,C,H,,1.0639468407773012,1.0639468407773012,reference_present,saved_reference_pair_within_saved_fragment,
8807,17817,17822,33,38,C,H,,1.1213714505014871,1.1213714505014871,reference_present,saved_reference_pair_within_saved_fragment,
8807,17820,17823,36,39,C,C,,1.5189957735293684,1.5189957735293684,reference_present,saved_reference_pair_within_saved_fragment,
8807,17820,17824,36,40,C,H,,1.1384998243302447,1.1384998243302447,reference_present,saved_reference_pair_within_saved_fragment,
8807,17820,17825,36,41,C,H,,1.2160984499620235,1.2160984499620235,reference_present,saved_reference_pair_within_saved_fragment,
8807,17823,17826,39,42,C,H,,1.0293424745924076,1.0293424745924076,reference_present,saved_reference_pair_within_saved_fragment,
8807,17823,17827,39,43,C,H,,1.2435303816151912,1.2435303816151912,reference_present,saved_reference_pair_within_saved_fragment,
8807,17823,17828,39,44,C,H,,1.1417447919740857,1.1417447919740857,reference_present,saved_reference_pair_within_saved_fragment,
